54015201,37VYKYGR2EI2JM5ZQSPGPYYII3T7EKZQTJ5AOSMB4WYNOIZ5JIEFJLW7UU
54015201,3CBUQD3ONPUSAG2F6HYFCLT62YPCQVTJFSJLFRORWEFSZKPE4H6IRYHL54
54015201,3FD2ZTHUCIUWBPKIXOUO7VSHRVQTXX6KOWO2WPN7UOG4XKS2H7D5LJPTQA
54015201,3FD3N25CD73PBJPK6VE7E7UAOUCSTMZ2QOOYNAT3UFPUXNTFFLW77DTUUM
54015201,3FXLX4X6WP3NVGOXXZDIFKO6HSPV25EV6AZ6H2T66WUID3PIH4AAXH5IXE
54015201,3NEGW2XJCVS5SEDBQQC5I5XQT2PQ3QDGY4NE7KH6KG4UQKFPYXNSN5GZNI
54015201,3VU7NGXV5NHIPIDP2JV6WJ3VNF5HMIVFPUCTMEC4OVZMFQ56O6KTRXC6AY
54015201,3WSZ6ESXFUHDUMECNEI5YML6UGJ35ACVZTOA5JNFXSFSWSUHB5DXCAUTFA
54015201,3Y3XPZYV2SV2OVYLTIGRWEOO7SC5VZ5KDLTDH7ELUYK6NCZGXGIBDUZI5U
54015210,XI2QNXNDR6V2IEYX4T7FLSR5YDUM2UGOF2J25IG343KWKSODL7YGDNH5YM
